customer_ID,Daily Time Spent on Site,Age,Area Income,Daily Internet Usage,Ad Topic Line,City,Gender,Country,Timestamp,Clicked on Ad
AB1264,68.95,35,61833.9,256.09,Cloned 5thgeneration orchestration,Wrightburgh,0,Tunisia,3/27/2016 0:53,0
AB1265,80.23,31,68441.85,193.77,Monitored national standardization,West Jodi,1,Nauru,4/4/2016 1:39,0
AB1266,69.47,26,59785.94,236.5,Organic bottom-line service-desk,Davidton,0,San Marino,3/13/2016 20:35,0
AB1267,74.15,29,54806.18,245.89,Triple-buffered reciprocal time-frame,West Terrifurt,1,Italy,1/10/2016 2:31,0
AB1268,68.37,35,73889.99,225.58,Robust logistical utilization,South Manuel,0,Iceland,6/3/2016 3:36,0
AB1269,59.99,23,59761.56,226.74,Sharable client-driven software,Jamieberg,1,Norway,5/19/2016 14:30,0
AB1270,88.91,33,53852.85,208.36,Enhanced dedicated support,Brandonstad,0,Myanmar,1/28/2016 20:59,0
AB1271,66,48,24593.33,131.76,Reactive local challenge,Port Jefferybury,1,Australia,3/7/2016 1:40,1
AB1272,74.53,30,68862,221.51,Configurable coherent function,West Colin,1,Grenada,4/18/2016 9:33,0
AB1273,69.88,20,55642.32,183.82,Mandatory homogeneous architecture,Ramirezton,1,Ghana,7/11/2016 1:42,0
AB1274,47.64,49,45632.51,122.02,Centralized neutral neural-net,West Brandonton,0,Qatar,3/16/2016 20:19,1
AB1275,83.07,37,62491.01,230.87,Team-oriented grid-enabled Local Area Network,East Theresashire,1,Burundi,5/8/2016 8:10,0
AB1276,69.57,48,51636.92,113.12,Centralized content-based focus group,West Katiefurt,1,Egypt,6/3/2016 1:14,1
AB1277,79.52,24,51739.63,214.23,Synergistic fresh-thinking array,North Tara,0,Bosnia and Herzegovina,4/20/2016 21:49,0
AB1278,42.95,33,30976,143.56,Grass-roots coherent extranet,West William,0,Barbados,3/24/2016 9:31,1
AB1279,63.45,23,52182.23,140.64,Persistent demand-driven interface,New Travistown,1,Spain,3/9/2016 3:41,1
AB1280,55.39,37,23936.86,129.41,Customizable multi-tasking website,West Dylanberg,0,Palestinian Territory,1/30/2016 19:20,1
AB1281,82.03,41,71511.08,187.53,Intuitive dynamic attitude,Pruittmouth,0,Afghanistan,5/2/2016 7:00,0
AB1282,54.7,36,31087.54,118.39,Grass-roots solution-oriented conglomeration,Jessicastad,1,British Indian Ocean Territory (Chagos Archipelago),2/13/2016 7:53,1
AB1283,74.58,40,23821.72,135.51,Advanced 24/7 productivity,Millertown,1,Russian Federation,2/27/2016 4:43,1
AB1284,77.22,30,64802.33,224.44,Object-based reciprocal knowledgebase,Port Jacqueline,1,Cameroon,1/5/2016 7:52,0
AB1285,84.59,35,60015.57,226.54,Streamlined non-volatile analyzer,Lake Nicole,1,Cameroon,3/18/2016 13:22,0
AB1286,41.49,52,32635.7,164.83,Mandatory disintermediate utilization,South John,0,Burundi,5/20/2016 8:49,1
AB1287,87.29,36,61628.72,209.93,Future-proofed methodical protocol,Pamelamouth,1,Korea,3/23/2016 9:43,0
AB1288,41.39,41,68962.32,167.22,Exclusive neutral parallelism,Harperborough,0,Tokelau,6/13/2016 17:27,1
AB1289,78.74,28,64828,204.79,Public-key foreground groupware,Port Danielleberg,1,Monaco,5/27/2016 15:25,0
AB1290,48.53,28,38067.08,134.14,Ameliorated client-driven forecast,West Jeremyside,1,Tuvalu,2/8/2016 10:46,1
AB1291,51.95,52,58295.82,129.23,Monitored systematic hierarchy,South Cathyfurt,0,Greece,7/19/2016 8:32,1
AB1292,70.2,34,32708.94,119.2,Open-architected impactful productivity,Palmerside,0,British Virgin Islands,4/14/2016 5:08,1
AB1293,76.02,22,46179.97,209.82,Business-focused value-added definition,West Guybury,0,Bouvet Island (Bouvetoya),1/27/2016 12:38,0
AB1294,67.64,35,51473.28,267.01,Programmable asymmetric data-warehouse,Phelpschester,1,Peru,7/2/2016 20:23,0
AB1295,86.41,28,45593.93,207.48,Digitized static capability,Lake Melindamouth,1,Aruba,3/1/2016 22:13,0
AB1296,59.05,57,25583.29,169.23,Digitized global capability,North Richardburgh,1,Maldives,7/15/2016 5:05,1
AB1297,55.6,23,30227.98,212.58,Multi-layered 4thgeneration knowledge user,Port Cassie,0,Senegal,1/14/2016 14:00,1
AB1298,57.64,57,45580.92,133.81,Synchronized dedicated service-desk,New Thomas,1,Dominica,3/15/2016 3:12,1
AB1299,84.37,30,61389.5,201.58,Synchronized systemic hierarchy,Johnstad,0,Luxembourg,4/12/2016 3:26,0
AB1300,62.26,53,56770.79,125.45,Profound stable product,West Aprilport,1,Montenegro,4/7/2016 15:18,1
AB1301,65.82,39,76435.3,221.94,Reactive demand-driven capacity,Kellytown,0,Ukraine,2/9/2016 5:28,0
AB1302,50.43,46,57425.87,119.32,Persevering needs-based open architecture,Charlesport,1,Saint Helena,5/7/2016 17:11,1
AB1303,38.93,39,27508.41,162.08,Intuitive exuding service-desk,Millerchester,0,Liberia,3/11/2016 6:49,1
AB1304,84.98,29,57691.95,202.61,Innovative user-facing extranet,Mackenziemouth,0,Russian Federation,4/27/2016 9:27,0
AB1305,64.24,30,59784.18,252.36,Front-line intermediate database,Zacharystad,0,Tunisia,4/16/2016 11:53,0
AB1306,82.52,32,66572.39,198.11,Persevering exuding system engine,North Joshua,1,Turkmenistan,5/8/2016 15:38,0
AB1307,81.38,31,64929.61,212.3,Balanced dynamic application,Bowenview,0,Saint Helena,2/8/2016 0:23,0
AB1308,80.47,25,57519.64,204.86,Reduced global support,Jamesberg,0,Niger,2/11/2016 13:26,0
AB1309,37.68,52,53575.48,172.83,Organic leadingedge secured line,Lake Cassandraport,1,Turkmenistan,2/17/2016 13:16,1
AB1310,69.62,20,50983.75,202.25,Business-focused encompassing neural-net,New Sharon,1,Qatar,2/26/2016 22:46,0
AB1311,85.4,43,67058.72,198.72,Triple-buffered demand-driven alliance,Johnport,0,Sri Lanka,6/8/2016 18:54,0
AB1312,44.33,37,52723.34,123.72,Visionary maximized process improvement,Hamiltonfort,1,Trinidad and Tobago,1/8/2016 9:32,1
AB1313,48.01,46,54286.1,119.93,Centralized 24/7 installation,West Christopher,0,Italy,4/25/2016 11:01,1
AB1314,73.18,23,61526.25,196.71,Organized static focus group,Hollandberg,1,British Virgin Islands,4/4/2016 7:07,0
AB1315,79.94,28,58526.04,225.29,Visionary reciprocal circuit,Odomville,0,United Kingdom,5/3/2016 21:19,0
AB1316,33.33,45,53350.11,193.58,Pre-emptive value-added workforce,East Samanthashire,1,Guinea-Bissau,1/17/2016 9:31,1
AB1317,50.33,50,62657.53,133.2,Sharable analyzing alliance,South Lauraton,1,Micronesia,3/2/2016 4:57,1
AB1318,62.31,47,62722.57,119.3,Team-oriented encompassing portal,Amandahaven,0,Turkey,2/14/2016 7:36,1
AB1319,80.6,31,67479.62,177.55,Sharable bottom-line solution,Thomasview,0,Croatia,4/7/2016 3:56,0
AB1320,65.19,36,75254.88,150.61,Cross-group regional website,Garciaside,0,Israel,2/17/2016 11:42,1
AB1321,44.98,49,52336.64,129.31,Organized global model,Port Sarahshire,0,Svalbard & Jan Mayen Islands,4/10/2016 0:13,1
AB1322,77.63,29,56113.37,239.22,Upgradable asynchronous circuit,Port Gregory,0,Azerbaijan,2/14/2016 17:05,0
AB1323,41.82,41,24852.9,156.36,Phased transitional instruction set,Brendachester,0,Iran,5/26/2016 22:49,1
AB1324,85.61,27,47708.42,183.43,Customer-focused empowering ability,Lake Amy,0,Burundi,4/30/2016 8:07,0
AB1325,85.84,34,64654.66,192.93,Front-line heuristic data-warehouse,Lake Annashire,1,Saint Vincent and the Grenadines,6/15/2016 5:30,0
AB1326,72.08,29,71228.44,169.5,Stand-alone national attitude,Smithburgh,0,Burundi,3/9/2016 14:45,0
AB1327,86.06,32,61601.05,178.92,Focused upward-trending core,North Leonmouth,1,Bulgaria,3/31/2016 20:55,0
AB1328,45.96,45,66281.46,141.22,Streamlined cohesive conglomeration,Robertfurt,0,Christmas Island,6/3/2016 0:55,1
AB1329,62.42,29,73910.9,198.5,Upgradable optimizing toolset,Jasminefort,1,Canada,3/10/2016 23:36,0
AB1330,63.89,40,51317.33,105.22,Synchronized user-facing core,Jensenborough,0,Rwanda,1/8/2016 0:17,1
AB1331,35.33,32,51510.18,200.22,Organized client-driven alliance,Bradleyburgh,0,Turks and Caicos Islands,6/5/2016 22:11,1
AB1332,75.74,25,61005.87,215.25,Ergonomic multi-state structure,New Sheila,1,Tunisia,1/16/2016 11:35,0
AB1333,78.53,34,32536.98,131.72,Synergized multimedia emulation,North Regina,0,Norfolk Island,4/22/2016 20:10,1
AB1334,46.13,31,60248.97,139.01,Customer-focused optimizing moderator,Davidmouth,0,Bouvet Island (Bouvetoya),2/1/2016 9:00,1
AB1335,69.01,46,74543.81,222.63,Advanced full-range migration,New Michaeltown,0,Turks and Caicos Islands,7/7/2016 13:37,0
AB1336,55.35,39,75509.61,153.17,De-engineered object-oriented protocol,East Tammie,1,Cook Islands,3/8/2016 0:37,1
AB1337,33.21,43,42650.32,167.07,Polarized clear-thinking budgetary management,Wilcoxport,1,Turkey,5/10/2016 17:39,1
AB1338,38.46,42,58183.04,145.98,Customizable 6thgeneration knowledge user,East Michaelmouth,1,Guatemala,4/6/2016 11:24,1
AB1339,64.1,22,60465.72,215.93,Seamless object-oriented structure,East Tiffanyport,0,Cote d'Ivoire,4/1/2016 16:21,0
AB1340,49.81,35,57009.76,120.06,Seamless real-time array,Ramirezhaven,1,Faroe Islands,1/5/2016 4:18,1
AB1341,82.73,33,54541.56,238.99,Grass-roots impactful system engine,Cranemouth,1,Qatar,5/20/2016 21:31,0
AB1342,56.14,38,32689.04,113.53,Devolved tangible approach,Lake Edward,1,Ireland,2/3/2016 7:59,1
AB1343,55.13,45,55605.92,111.71,Customizable executive software,Lake Conniefurt,0,Ukraine,2/17/2016 21:55,1
AB1344,78.11,27,63296.87,209.25,Progressive analyzing attitude,East Shawnchester,1,Moldova,1/30/2016 16:10,0
AB1345,73.46,28,65653.47,222.75,Innovative executive encoding,West Joseph,1,Nicaragua,5/15/2016 14:41,0
AB1346,56.64,38,61652.53,115.91,Down-sized uniform info-mediaries,Lake Christopherfurt,0,Montserrat,1/5/2016 17:56,1
AB1347,68.94,54,30726.26,138.71,Streamlined next generation implementation,East Tylershire,0,Timor-Leste,4/19/2016 7:34,1
AB1348,70.79,31,74535.94,184.1,Distributed tertiary system engine,Sharpberg,0,Bouvet Island (Bouvetoya),3/15/2016 15:49,0
AB1349,57.76,41,47861.93,105.15,Triple-buffered scalable groupware,Lake Dustin,0,Puerto Rico,6/12/2016 15:25,1
AB1350,77.51,36,73600.28,200.55,Total 5thgeneration encoding,North Kristine,0,Central African Republic,7/1/2016 4:41,0
AB1351,52.7,34,58543.94,118.6,Integrated human-resource encoding,Grahamberg,1,Venezuela,5/8/2016 12:12,1
AB1352,57.7,34,42696.67,109.07,Phased dynamic customer loyalty,New Tina,0,Australia,3/14/2016 23:13,1
AB1353,56.89,37,37334.78,109.29,Open-source coherent policy,Nelsonfurt,1,Wallis and Futuna,5/25/2016 0:19,1
AB1354,69.9,43,71392.53,138.35,Down-sized modular intranet,Christopherport,0,Jersey,5/13/2016 11:51,1
AB1355,55.79,24,59550.05,149.67,Pre-emptive content-based focus group,Port Sarahhaven,0,Puerto Rico,2/20/2016 20:47,1
AB1356,70.03,26,64264.25,227.72,Versatile 4thgeneration system engine,Bradleyborough,1,Samoa,5/22/2016 20:49,0
AB1357,50.08,40,64147.86,125.85,Ergonomic full-range time-frame,Whiteport,1,Greece,4/10/2016 2:02,1
AB1358,43.67,31,25686.34,166.29,Automated directional function,New Theresa,1,Antarctica (the territory South of 60 deg S),2/28/2016 6:41,1
AB1359,72.84,26,52968.22,238.63,Progressive empowering alliance,Wongland,0,Albania,7/8/2016 21:18,0
AB1360,45.72,36,22473.08,154.02,Versatile homogeneous capacity,Williammouth,1,Hong Kong,4/19/2016 15:14,1
AB1361,39.94,41,64927.19,156.3,Function-based optimizing protocol,Williamsborough,0,Lithuania,1/8/2016 22:47,1
AB1362,35.61,46,51868.85,158.22,Up-sized secondary software,North Michael,0,Egypt,3/28/2016 8:46,1
AB1363,79.71,34,69456.83,211.65,Seamless holistic time-frame,Benjaminchester,1,Bangladesh,7/2/2016 14:57,0
AB1364,41.49,53,31947.65,169.18,Persevering reciprocal firmware,Hernandezville,0,Western Sahara,7/3/2016 9:22,1
AB1365,63.6,23,51864.77,235.28,Centralized logistical secured line,Youngburgh,1,Serbia,6/1/2016 9:27,0
AB1366,89.91,40,59593.56,194.23,Innovative background conglomeration,Wallacechester,0,Maldives,7/9/2016 14:55,0
AB1367,68.18,21,48376.14,218.17,Switchable 3rdgeneration hub,Sanchezmouth,1,Czech Republic,2/9/2016 22:04,0
AB1368,66.49,20,56884.74,202.16,Polarized 6thgeneration info-mediaries,Bradshawborough,0,Guernsey,6/10/2016 11:31,0
AB1369,80.49,40,67186.54,229.12,Balanced heuristic approach,Amyhaven,1,Tanzania,2/14/2016 3:50,0
AB1370,72.23,25,46557.92,241.03,Focused 24hour implementation,Marcushaven,1,Bhutan,7/5/2016 17:17,0
AB1371,42.39,42,66541.05,150.99,De-engineered mobile infrastructure,Erinton,0,Christmas Island,4/28/2016 5:50,1
AB1372,47.53,30,33258.09,135.18,Customer-focused upward-trending contingency,Hughesport,0,Guinea,4/3/2016 5:10,1
AB1373,74.02,32,72272.9,210.54,Operative system-worthy protocol,Johnstad,0,Micronesia,3/9/2016 14:57,0
AB1374,66.63,60,60333.38,176.98,User-friendly upward-trending intranet,New Lucasburgh,0,Madagascar,1/16/2016 23:37,1
AB1375,63.24,53,65229.13,235.78,Future-proofed holistic superstructure,Michelleside,1,Lebanon,7/3/2016 4:33,1
AB1376,71,22,56067.38,211.87,Extended systemic policy,Andersonton,0,Eritrea,3/14/2016 6:46,0
AB1377,46.13,46,37838.72,123.64,Horizontal hybrid challenge,New Rachel,1,Guyana,1/9/2016 5:44,1
AB1378,69,32,72683.35,221.21,Virtual composite model,Port Susan,1,Trinidad and Tobago,2/11/2016 4:37,0
AB1379,76.99,31,56729.78,244.34,Switchable mobile framework,West Angelabury,1,Jersey,6/22/2016 7:33,0
AB1380,72.6,55,66815.54,162.95,Focused intangible moderator,Port Christopherborough,0,United Arab Emirates,7/13/2016 16:12,1
AB1381,61.88,42,60223.52,112.19,Balanced actuating moderator,Phillipsbury,1,Martinique,7/23/2016 11:46,1
AB1382,84.45,50,29727.79,207.18,Customer-focused transitional strategy,Millerside,0,Somalia,7/13/2016 4:10,1
AB1383,88.97,45,49269.98,152.49,Advanced web-enabled standardization,Lake Jessica,0,Bhutan,6/11/2016 18:32,1
AB1384,86.19,31,57669.41,210.26,Pre-emptive executive knowledgebase,Lopezmouth,1,Greece,5/8/2016 12:51,0
AB1385,49.58,26,56791.75,231.94,Self-enabling holistic process improvement,Johnsport,0,Benin,4/7/2016 16:02,0
AB1386,77.65,27,63274.88,212.79,Horizontal client-driven hierarchy,South Ronald,0,Papua New Guinea,2/4/2016 13:30,0
AB1387,37.75,36,35466.8,225.24,Polarized dynamic throughput,South Daniel,0,Uzbekistan,2/26/2016 19:48,1
AB1388,62.33,43,68787.09,127.11,Devolved zero administration intranet,Suzannetown,0,South Africa,6/21/2016 13:15,1
AB1389,79.57,31,61227.59,230.93,User-friendly asymmetric info-mediaries,Lisaberg,0,Egypt,5/17/2016 4:27,0
AB1390,80.31,44,56366.88,127.07,Cross-platform regional task-force,Brianfurt,0,Hungary,4/18/2016 15:54,1
AB1391,89.05,45,57868.44,206.98,Polarized bandwidth-monitored moratorium,Stewartbury,0,Falkland Islands (Malvinas),4/3/2016 10:07,0
AB1392,70.41,27,66618.21,223.03,Centralized systematic knowledgebase,Benjaminchester,0,Dominica,4/4/2016 21:30,0
AB1393,67.36,37,73104.47,233.56,Future-proofed grid-enabled implementation,North Wesleychester,0,Jersey,7/6/2016 16:00,0
AB1394,46.98,50,21644.91,175.37,Down-sized well-modulated archive,East Michelleberg,0,Lithuania,5/4/2016 9:00,1
AB1395,41.67,36,53817.02,132.55,Realigned zero tolerance emulation,Port Eric,0,Saint Martin,6/13/2016 18:50,1
AB1396,51.24,36,76368.31,176.73,Versatile transitional monitoring,Timothyfurt,0,Cuba,1/3/2016 16:01,1
AB1397,75.7,29,67633.44,215.44,Profound zero administration instruction set,Port Jeffrey,0,United States Minor Outlying Islands,1/14/2016 0:23,0
AB1398,43.49,47,50335.46,127.83,User-centric intangible task-force,Guzmanland,0,Belize,1/12/2016 10:07,1
AB1399,49.89,39,17709.98,160.03,Enhanced system-worthy application,East Michele,1,Belize,4/16/2016 12:09,1
AB1400,38.37,36,41229.16,140.46,Multi-layered user-facing paradigm,East John,0,Antarctica (the territory South of 60 deg S),5/13/2016 6:09,1
AB1401,38.52,38,42581.23,137.28,Customer-focused 24/7 concept,Lesliebury,1,Saint Vincent and the Grenadines,3/27/2016 23:59,1
AB1402,71.89,23,61617.98,172.81,Function-based transitional complexity,Patriciahaven,1,Kuwait,2/3/2016 23:47,0
AB1403,75.8,38,70575.6,146.19,Progressive clear-thinking open architecture,Ashleychester,1,Thailand,4/18/2016 11:23,0
AB1404,83.86,31,64122.36,190.25,Up-sized executive moderator,Lake Josetown,0,Gibraltar,2/5/2016 19:06,0
AB1405,37.51,30,52097.32,163,Re-contextualized optimal service-desk,Debraburgh,1,Holy See (Vatican City State),3/21/2016 18:46,1
AB1406,55.6,44,65953.76,124.38,Fully-configurable neutral open system,New Debbiestad,1,Korea,6/14/2016 11:59,1
AB1407,83.67,44,60192.72,234.26,Upgradable system-worthy array,West Shaun,1,Saint Helena,2/6/2016 23:08,0
AB1408,69.08,41,77460.07,210.6,Ergonomic client-driven application,Kimberlyhaven,0,Turks and Caicos Islands,3/12/2016 1:39,0
AB1409,37.47,44,45716.48,141.89,Realigned content-based leverage,Port Lawrence,1,Czech Republic,1/26/2016 3:56,1
AB1410,56.04,49,65120.86,128.95,Decentralized real-time circuit,West Ricardo,1,Netherlands,2/7/2016 8:02,1
AB1411,70.92,41,49995.63,108.16,Polarized modular function,Lake Jose,1,Belarus,5/5/2016 7:58,1
AB1412,49.78,46,71718.51,152.24,Enterprise-wide client-driven contingency,Heatherberg,0,Dominica,6/29/2016 2:43,1
AB1413,68.61,57,61770.34,150.29,Diverse modular interface,South George,0,South Africa,4/10/2016 19:48,1
AB1414,58.18,25,69112.84,176.28,Polarized analyzing concept,Tinachester,1,New Zealand,2/10/2016 6:37,0
AB1415,78.54,35,72524.86,172.1,Multi-channeled asynchronous open system,Port Jodi,0,Togo,5/28/2016 20:41,0
AB1416,37,48,36782.38,158.22,Function-based context-sensitive secured line,Jonathantown,1,Kenya,3/24/2016 6:36,1
AB1417,65.4,33,66699.12,247.31,Adaptive 24hour Graphic Interface,Sylviaview,0,Palau,2/12/2016 22:51,0
AB1418,79.52,27,64287.78,183.48,Automated coherent flexibility,East Timothyport,1,Timor-Leste,6/10/2016 10:11,0
AB1419,87.98,38,56637.59,222.11,Focused scalable complexity,West Roytown,1,Cambodia,3/31/2016 10:44,0
AB1420,44.64,36,55787.58,127.01,Up-sized incremental encryption,Codyburgh,0,Belize,2/14/2016 6:51,1
AB1421,41.73,28,61142.33,202.18,Sharable dedicated Graphic Interface,Port Erikhaven,1,Cuba,1/7/2016 19:16,1
AB1422,80.46,27,61625.87,207.96,Digitized zero administration paradigm,Port Chasemouth,1,Costa Rica,2/4/2016 2:13,0
AB1423,75.55,36,73234.87,159.24,Managed grid-enabled standardization,Ramirezside,0,Liechtenstein,5/9/2016 2:58,1
AB1424,76.32,35,74166.24,195.31,Networked foreground definition,East Michaeltown,1,Korea,6/23/2016 0:16,0
AB1425,82.68,33,62669.59,222.77,Re-engineered exuding frame,West Courtney,1,Ukraine,6/20/2016 9:35,0
AB1426,72.01,31,57756.89,251,Horizontal multi-state interface,West Michaelhaven,0,Angola,2/29/2016 12:31,0
AB1427,75.83,24,58019.64,162.44,Diverse stable circuit,Walshhaven,0,Nauru,1/17/2016 15:10,0
AB1428,41.28,50,50960.08,140.39,Universal 24/7 implementation,East Rachelview,0,Equatorial Guinea,1/29/2016 3:54,1
AB1429,34.66,32,48246.6,194.83,Customer-focused multi-tasking Internet solution,Curtisport,0,Mongolia,7/14/2016 12:07,1
AB1430,66.18,55,28271.84,143.42,Vision-oriented contextually-based extranet,Frankbury,0,Svalbard & Jan Mayen Islands,1/10/2016 23:14,1
AB1431,86.06,31,53767.12,219.72,Extended local methodology,Timothytown,1,Timor-Leste,4/28/2016 18:34,0
AB1432,59.59,42,43662.1,104.78,Re-engineered demand-driven capacity,Samanthaland,1,Brazil,7/6/2016 18:36,1
AB1433,86.69,34,62238.58,198.56,Customer-focused attitude-oriented instruction set,South Jennifer,0,Chad,5/27/2016 6:19,0
AB1434,43.77,52,49030.03,138.55,Synergized hybrid time-frame,Kyleborough,1,Portugal,1/25/2016 7:39,1
AB1435,71.84,47,76003.47,199.79,Advanced exuding conglomeration,North Randy,1,Malawi,5/8/2016 22:47,0
AB1436,80.23,31,68094.85,196.23,Secured clear-thinking middleware,South Daniellefort,0,Qatar,3/19/2016 14:23,0
AB1437,74.41,26,64395.85,163.05,Right-sized value-added initiative,Dianashire,0,Singapore,7/23/2016 4:37,0
AB1438,63.36,48,70053.27,137.43,Centralized tertiary pricing structure,East Eric,0,Guinea,6/23/2016 1:22,1
AB1439,71.74,35,72423.97,227.56,Multi-channeled reciprocal artificial intelligence,Hammondport,0,Kazakhstan,7/19/2016 18:06,0
AB1440,60.72,44,42995.8,105.69,Synergized context-sensitive database,Jacobstad,0,Kuwait,2/28/2016 18:52,1
AB1441,72.04,22,60309.58,199.43,Realigned systematic function,Hernandezfort,0,Rwanda,2/10/2016 6:52,0
AB1442,44.57,31,38349.78,133.17,Adaptive context-sensitive application,Joneston,1,China,3/27/2016 9:11,1
AB1443,85.86,34,63115.34,208.23,Networked high-level structure,New Jeffreychester,0,Bouvet Island (Bouvetoya),5/23/2016 2:15,0
AB1444,39.85,38,31343.39,145.96,Profit-focused dedicated utilization,East Stephen,0,Vietnam,1/3/2016 3:22,1
AB1445,84.53,27,40763.13,168.34,Stand-alone tangible moderator,Turnerchester,0,Guatemala,1/4/2016 21:48,1
AB1446,62.95,60,36752.24,157.04,Polarized tangible collaboration,Youngfort,0,Peru,5/24/2016 13:30,1
AB1447,67.58,41,65044.59,255.61,Focused high-level conglomeration,Ingramberg,1,Mayotte,2/1/2016 19:42,0
AB1448,85.56,29,53673.08,210.46,Advanced modular Local Area Network,South Denisefurt,0,Samoa,6/5/2016 13:16,0
AB1449,46.88,54,43444.86,136.64,Virtual scalable secured line,Port Melissaberg,0,Singapore,2/4/2016 8:53,1
AB1450,46.31,57,44248.52,153.98,Front-line fault-tolerant intranet,Bernardton,1,Jamaica,3/24/2016 13:37,1
AB1451,77.95,31,62572.88,233.65,Inverse asymmetric instruction set,Port Mathew,1,Bahamas,6/2/2016 21:02,0
AB1452,84.73,30,39840.55,153.76,Synchronized leadingedge help-desk,Aliciatown,0,Canada,2/21/2016 7:42,1
AB1453,39.86,36,32593.59,145.85,Total 5thgeneration standardization,Josephstad,0,Algeria,6/26/2016 17:16,1
AB1454,50.08,30,41629.86,123.91,Sharable grid-enabled matrix,West Ericfurt,0,Fiji,1/3/2016 5:34,1
AB1455,60.23,35,43313.73,106.86,Balanced asynchronous hierarchy,New Brendafurt,0,Kenya,3/8/2016 18:00,1
AB1456,60.7,49,42993.48,110.57,Monitored object-oriented Graphic Interface,Port Julie,1,Argentina,6/19/2016 3:19,1
AB1457,43.67,53,46004.31,143.79,Cloned analyzing artificial intelligence,South Tiffanyton,1,Bouvet Island (Bouvetoya),7/21/2016 21:16,1
AB1458,77.2,33,49325.48,254.05,Persistent homogeneous framework,North Elizabeth,1,Philippines,2/12/2016 20:36,0
AB1459,71.86,32,51633.34,116.53,Face-to-face even-keeled website,Kentmouth,0,Senegal,5/17/2016 6:14,1
AB1460,44.78,45,63363.04,137.24,Extended context-sensitive monitoring,West Casey,1,Suriname,7/9/2016 11:04,1
AB1461,78.57,36,64045.93,239.32,Exclusive client-driven model,East Henry,1,Liberia,3/27/2016 2:35,0
AB1462,73.41,31,73049.3,201.26,Profound executive flexibility,Hollyfurt,1,Guam,1/16/2016 8:01,0
AB1463,77.05,27,66624.6,191.14,Reduced bi-directional strategy,North Anna,0,United Arab Emirates,1/21/2016 23:48,0
AB1464,66.4,40,77567.85,214.42,Digitized heuristic solution,Port Destiny,0,Antigua and Barbuda,6/5/2016 0:29,0
AB1465,69.35,29,53431.35,252.77,Seamless 4thgeneration contingency,Ianmouth,1,Argentina,2/13/2016 15:37,0
AB1466,35.65,40,31265.75,172.58,Seamless intangible secured line,North Johntown,1,Georgia,5/10/2016 7:22,1
AB1467,70.04,31,74780.74,183.85,Intuitive radical forecast,Hannahside,1,Jordan,3/27/2016 3:59,0
AB1468,69.78,29,70410.11,218.79,Multi-layered non-volatile Graphical User Interface,Wilsonburgh,0,Saudi Arabia,5/24/2016 18:35,0
AB1469,58.22,29,37345.24,120.9,User-friendly client-server instruction set,North Russellborough,0,South Africa,2/11/2016 2:40,1
AB1470,76.9,28,66107.84,212.67,Synchronized multimedia model,Murphymouth,0,Croatia,4/22/2016 8:31,0
AB1471,84.08,30,62336.39,187.36,Face-to-face intermediate approach,Carterburgh,1,Fiji,1/13/2016 2:58,0
AB1472,59.51,58,39132.64,140.83,Assimilated fault-tolerant hub,Penatown,0,Australia,6/16/2016 2:01,1
AB1473,40.15,38,38745.29,134.88,Exclusive disintermediate task-force,Joechester,1,Sao Tome and Principe,6/27/2016 18:37,1
AB1474,76.81,28,65172.22,217.85,Managed zero tolerance concept,East Paul,1,Fiji,7/3/2016 12:57,0
AB1475,41.89,38,68519.96,163.38,Compatible systemic function,Hartmanchester,0,Cyprus,2/3/2016 4:21,1
AB1476,76.87,27,54774.77,235.35,Configurable fault-tolerant monitoring,Mcdonaldfort,1,Kyrgyz Republic,5/29/2016 21:17,0
AB1477,67.28,43,76246.96,155.8,Future-proofed coherent hardware,North Mercedes,1,Pakistan,4/3/2016 21:13,1
AB1478,81.98,40,65461.92,229.22,Ameliorated upward-trending definition,Taylorberg,0,Seychelles,4/15/2016 11:51,0
AB1479,66.01,23,34127.21,151.95,Front-line tangible alliance,Hansenmouth,0,Samoa,6/21/2016 3:14,1
AB1480,61.57,53,35253.98,125.94,Progressive 24hour forecast,Bradyfurt,1,Bulgaria,3/14/2016 14:13,1
AB1481,53.3,34,44893.71,111.94,Self-enabling optimal initiative,West Jessicahaven,0,Mauritania,5/6/2016 21:07,1
AB1482,34.87,40,59621.02,200.23,Configurable logistical Graphical User Interface,Davilachester,0,Czech Republic,6/12/2016 17:52,1
AB1483,43.6,38,20856.54,170.49,Virtual bandwidth-monitored initiative,North Ricardotown,0,Chile,1/11/2016 7:36,1
AB1484,77.88,37,55353.41,254.57,Multi-tiered human-resource structure,Melissafurt,0,Poland,7/2/2016 0:24,0
AB1485,75.83,27,67516.07,200.59,Managed upward-trending instruction set,East Brianberg,0,Estonia,3/4/2016 10:13,0
AB1486,49.95,39,68737.75,136.59,Cloned object-oriented benchmark,Millerbury,0,Turkmenistan,3/24/2016 9:12,1
AB1487,60.94,41,76893.84,154.97,Fundamental fault-tolerant neural-net,Garciaview,0,Latvia,2/14/2016 7:30,1
AB1488,89.15,42,59886.58,171.07,Phased zero administration success,Townsendfurt,0,Fiji,4/25/2016 7:30,0
AB1489,78.7,30,53441.69,133.99,Compatible intangible customer loyalty,Williamstad,0,Turkey,2/10/2016 19:20,1
AB1490,57.35,29,41356.31,119.84,Distributed 3rdgeneration definition,West Connor,0,Kazakhstan,4/23/2016 14:34,1
AB1491,34.86,38,49942.66,154.75,Pre-emptive cohesive budgetary management,West Justin,0,Bahrain,6/18/2016 17:56,1
AB1492,70.68,31,74430.08,199.08,Configurable multi-state utilization,Robertbury,0,Colombia,7/17/2016 1:58,0
AB1493,76.06,23,58633.63,201.04,Diverse multi-tasking parallelism,New Tinamouth,0,Brunei Darussalam,4/27/2016 4:28,0
AB1494,66.67,33,72707.87,228.03,Horizontal content-based synergy,Turnerview,1,Taiwan,4/21/2016 20:29,0
AB1495,46.77,32,31092.93,136.4,Multi-tiered maximized archive,Reneechester,1,Serbia,3/23/2016 6:00,1
AB1496,62.42,38,74445.18,143.94,Diverse executive groupware,West Tinashire,0,Saint Pierre and Miquelon,7/19/2016 7:59,1
AB1497,78.32,28,49309.14,239.52,Synergized cohesive array,Jamesfurt,0,Australia,6/26/2016 11:52,1
AB1498,37.32,50,56735.14,199.25,Versatile dedicated software,New Nancy,1,Chad,3/30/2016 23:40,1
AB1499,40.42,45,40183.75,133.9,Stand-alone reciprocal synergy,Lisamouth,1,Norway,3/16/2016 7:59,1
AB1500,76.77,36,58348.41,123.51,Universal even-keeled analyzer,Harveyport,0,Turks and Caicos Islands,5/4/2016 0:01,1
AB1501,65.65,30,72209.99,158.05,Up-sized tertiary contingency,Ramosstad,0,Finland,7/2/2016 21:22,0
AB1502,74.32,33,62060.11,128.17,Monitored real-time superstructure,North Kevinside,0,South Africa,5/23/2016 21:14,1
AB1503,73.27,32,67113.46,234.75,Streamlined analyzing initiative,Haleview,1,Martinique,1/29/2016 20:16,0
AB1504,80.03,44,24030.06,150.84,Automated static concept,Christinetown,0,Afghanistan,7/23/2016 14:47,1
AB1505,53.68,47,56180.93,115.26,Operative stable moderator,New Michael,1,Micronesia,2/16/2016 9:11,1
AB1506,85.84,32,62204.93,192.85,Up-sized 6thgeneration moratorium,Jonesland,1,French Southern Territories,6/9/2016 21:43,0
AB1507,85.03,30,60372.64,204.52,Expanded clear-thinking core,North Shannon,0,Philippines,6/19/2016 9:24,0
AB1508,70.44,24,65280.16,178.75,Polarized attitude-oriented superstructure,New Sonialand,1,Algeria,6/6/2016 21:26,0
AB1509,81.22,53,34309.24,223.09,Networked coherent interface,Port Jason,1,San Marino,1/7/2016 13:25,0
AB1510,39.96,45,59610.81,146.13,Enhanced homogeneous moderator,East Barbara,1,Guernsey,4/15/2016 6:08,1
AB1511,57.05,41,50278.89,269.96,Seamless full-range website,Port Erinberg,1,Sierra Leone,1/9/2016 3:45,1
AB1512,42.44,56,43450.11,168.27,Profit-focused attitude-oriented task-force,Petersonfurt,0,Tajikistan,2/10/2016 15:23,1
AB1513,62.2,25,25408.21,161.16,Cross-platform multimedia algorithm,New Lindaberg,0,Liechtenstein,4/24/2016 13:42,1
AB1514,76.7,36,71136.49,222.25,Open-source coherent monitoring,West Russell,0,Ecuador,6/12/2016 5:31,0
AB1515,61.22,45,63883.81,119.03,Streamlined logistical secured line,South Adam,1,Switzerland,1/5/2016 9:42,1
AB1516,84.54,33,64902.47,204.02,Synchronized stable complexity,North Tracyport,1,Moldova,3/2/2016 10:07,0
AB1517,46.08,30,66784.81,164.63,Synergistic value-added extranet,Brownport,1,Finland,7/21/2016 10:54,1
AB1518,56.7,48,62784.85,123.13,Progressive non-volatile neural-net,Port Crystal,0,France,1/9/2016 4:53,1
AB1519,81.03,28,63727.5,201.15,Persevering tertiary capability,Masonhaven,0,Venezuela,1/6/2016 13:20,0
AB1520,80.91,32,61608.23,231.42,Enterprise-wide bi-directional secured line,Derrickhaven,0,Cuba,1/31/2016 4:10,0
AB1521,40.06,38,56782.18,138.68,Organized contextually-based customer loyalty,Olsonstad,1,Peru,6/11/2016 8:38,1
AB1522,83.47,39,64447.77,226.11,Total directional approach,New Brandy,0,Turkey,5/15/2016 20:48,0
AB1523,73.84,31,42042.95,121.05,Programmable uniform productivity,South Jasminebury,0,Albania,6/18/2016 17:23,1
AB1524,74.65,28,67669.06,212.56,Robust transitional ability,East Timothy,0,French Southern Territories,3/17/2016 5:00,0
AB1525,60.25,35,54875.95,109.77,De-engineered fault-tolerant database,Charlottefort,0,Papua New Guinea,6/29/2016 13:35,1
AB1526,59.21,35,73347.67,144.62,Managed disintermediate matrices,Lake Beckyburgh,1,Liechtenstein,2/2/2016 8:55,1
AB1527,43.02,44,50199.77,125.22,Configurable bottom-line application,West Lindseybury,0,Thailand,4/13/2016 5:42,1
AB1528,84.04,38,50723.67,244.55,Self-enabling didactic pricing structure,West Alyssa,0,Malaysia,7/20/2016 9:27,0
AB1529,70.66,43,63450.96,120.95,Versatile scalable encryption,Lake Craigview,1,Mauritius,2/26/2016 4:57,1
AB1530,70.58,26,56694.12,136.94,Proactive next generation knowledge user,Lake David,0,Algeria,2/26/2016 9:18,1
AB1531,72.44,34,70547.16,230.14,Customizable tangible hierarchy,Bruceburgh,0,Christmas Island,4/15/2016 14:45,0
AB1532,40.17,26,47391.95,171.31,Visionary asymmetric encryption,South Lauratown,1,Japan,2/1/2016 14:37,1
AB1533,79.15,26,62312.23,203.23,Intuitive explicit conglomeration,Port Robin,0,Greenland,1/20/2016 19:09,0
AB1534,44.49,53,63100.13,168,Business-focused real-time toolset,Jacksonburgh,1,Sao Tome and Principe,4/23/2016 6:28,1
AB1535,73.04,37,73687.5,221.79,Organic contextually-based focus group,Erinmouth,1,Senegal,6/19/2016 22:26,0
AB1536,76.28,33,52686.47,254.34,Right-sized asynchronous website,Port Aliciabury,0,Guadeloupe,2/15/2016 7:55,0
AB1537,68.88,37,78119.5,179.58,Advanced 5thgeneration capability,Port Whitneyhaven,0,Belgium,2/9/2016 19:37,0
AB1538,73.1,28,57014.84,242.37,Universal asymmetric archive,Jeffreyshire,0,Israel,1/25/2016 7:52,0
AB1539,47.66,29,27086.4,156.54,Devolved responsive structure,Tinaton,0,Honduras,7/18/2016 11:33,1
AB1540,87.3,35,58337.18,216.87,Triple-buffered regional toolset,North Loriburgh,0,Estonia,1/9/2016 7:28,0
AB1541,89.34,32,50216.01,177.78,Object-based executive productivity,Wendyton,1,Paraguay,3/21/2016 21:15,0
AB1542,81.37,26,53049.44,156.48,Business-focused responsive website,Lake Jacqueline,1,Kyrgyz Republic,2/15/2016 12:25,0
AB1543,81.67,28,62927.96,196.76,Visionary analyzing structure,North Christopher,1,Mauritania,3/4/2016 8:48,0
AB1544,46.37,52,32847.53,144.27,De-engineered solution-oriented open architecture,Alexanderfurt,0,French Guiana,1/5/2016 0:02,1
AB1545,54.88,24,32006.82,148.61,Customizable modular Internet solution,West Pamela,0,Northern Mariana Islands,5/15/2016 1:03,1
AB1546,40.67,35,48913.07,133.18,Stand-alone encompassing throughput,West Amanda,0,Lebanon,5/5/2016 9:28,1
AB1547,71.76,35,69285.69,237.39,Customizable zero-defect matrix,South Tomside,0,Saint Pierre and Miquelon,5/26/2016 13:18,0
AB1548,47.51,51,53700.57,130.41,Managed well-modulated collaboration,Bethburgh,1,American Samoa,5/21/2016 1:36,1
AB1549,75.15,22,52011,212.87,Universal global intranet,Jamiefort,1,Austria,5/4/2016 12:06,0
AB1550,56.01,26,46339.25,127.26,Re-engineered real-time success,Garciamouth,0,Tonga,7/5/2016 18:59,1
AB1551,82.87,37,67938.77,213.36,Front-line fresh-thinking open system,West Brenda,0,Tonga,6/28/2016 20:13,0
AB1552,45.05,42,66348.95,141.36,Digitized contextually-based product,South Kyle,0,French Southern Territories,5/5/2016 11:09,1
AB1553,60.53,24,66873.9,167.22,Organic interactive support,Combsstad,0,Serbia,3/25/2016 15:17,1
AB1554,50.52,31,72270.88,171.62,Function-based stable alliance,Lake Allenville,0,New Caledonia,1/23/2016 15:02,1
AB1555,84.71,32,61610.05,210.23,Reactive responsive emulation,Greenechester,0,Taiwan,5/29/2016 7:29,0
AB1556,55.2,39,76560.59,159.46,Exclusive zero tolerance alliance,Jordantown,1,United States of America,5/30/2016 7:36,1
AB1557,81.61,33,62667.51,228.76,Enterprise-wide local matrices,Gravesport,0,Morocco,4/17/2016 15:46,0
AB1558,71.55,36,75687.46,163.99,Inverse next generation moratorium,South Troy,1,Suriname,7/20/2016 23:08,0
AB1559,82.4,36,66744.65,218.97,Implemented bifurcated workforce,Lake Patrick,1,Macedonia,6/29/2016 3:07,0
AB1560,73.95,35,67714.82,238.58,Persevering even-keeled help-desk,Millerland,0,Wallis and Futuna,4/10/2016 14:48,0
AB1561,72.07,31,69710.51,226.45,Grass-roots eco-centric instruction set,Port Jessicamouth,0,Chile,4/16/2016 16:38,0
AB1562,80.39,31,66269.49,214.74,Fully-configurable incremental Graphical User Interface,Paulport,0,Gabon,5/3/2016 8:21,0
AB1563,65.8,25,60843.32,231.49,Expanded radical software,Clineshire,1,Gabon,3/18/2016 16:04,0
AB1564,69.97,28,55041.6,250,Mandatory 3rdgeneration moderator,Cynthiaside,0,Holy See (Vatican City State),5/22/2016 0:01,0
AB1565,52.62,50,73863.25,176.52,Enterprise-wide foreground emulation,Port Juan,0,Seychelles,2/1/2016 20:30,1
AB1566,39.25,39,62378.05,152.36,Customer-focused incremental system engine,Michellefort,0,Mayotte,1/23/2016 17:39,1
AB1567,77.56,38,63336.85,130.83,Right-sized multi-tasking solution,Port Angelamouth,1,Uganda,5/19/2016 3:52,1
AB1568,33.52,43,42191.61,165.56,Vision-oriented optimizing middleware,Jessicahaven,0,Cambodia,5/9/2016 21:54,1
AB1569,79.81,24,56194.56,178.85,Proactive context-sensitive project,North Daniel,1,Antigua and Barbuda,5/31/2016 11:44,1
AB1570,84.79,33,61771.9,214.53,Managed eco-centric encoding,New Juan,0,Cameroon,3/30/2016 19:09,0
AB1571,82.7,35,61383.79,231.07,Visionary multi-tasking alliance,Amyfurt,0,Somalia,1/9/2016 15:49,0
AB1572,84.88,32,63924.82,186.48,Ameliorated tangible hierarchy,Harrishaven,0,Lebanon,4/18/2016 3:41,0
AB1573,54.92,54,23975.35,161.16,Extended interactive model,Roberttown,0,Saint Pierre and Miquelon,6/13/2016 13:59,1
AB1574,76.56,34,70179.11,221.53,Universal bi-directional extranet,Jeremyshire,1,Dominica,4/23/2016 8:15,0
AB1575,69.74,49,66524.8,243.37,Enhanced maximized access,Birdshire,0,Hungary,3/27/2016 16:41,0
AB1576,75.55,22,41851.38,169.4,Upgradable even-keeled challenge,New Amanda,0,Taiwan,2/19/2016 7:29,1
AB1577,72.19,33,61275.18,250.35,Synchronized national infrastructure,Curtisview,1,Saint Lucia,5/19/2016 11:16,0
AB1578,84.29,41,60638.38,232.54,Re-contextualized systemic time-frame,Jacksonmouth,0,Niue,1/27/2016 20:47,0
AB1579,73.89,39,47160.53,110.68,Horizontal national architecture,North April,0,France,4/20/2016 0:41,1
AB1580,75.84,21,48537.18,186.98,Reactive bi-directional workforce,Hayesmouth,0,Cyprus,2/7/2016 7:41,0
AB1581,73.38,25,53058.91,236.19,Horizontal transitional challenge,South Corey,1,French Southern Territories,4/21/2016 9:30,0
AB1582,80.72,31,68614.98,186.37,Re-engineered neutral success,Juliaport,0,Costa Rica,4/19/2016 5:15,0
AB1583,62.06,44,44174.25,105,Adaptive contextually-based methodology,Port Paultown,0,Austria,4/12/2016 14:01,1
AB1584,51.5,34,67050.16,135.31,Configurable dynamic adapter,East Vincentstad,0,Zambia,3/15/2016 11:25,1
AB1585,90.97,37,54520.14,180.77,Multi-lateral empowering throughput,Kimberlytown,0,Congo,2/16/2016 18:21,0
AB1586,86.78,30,54952.42,170.13,Fundamental zero tolerance solution,New Steve,1,United States of America,2/18/2016 23:08,0
AB1587,66.18,35,69476.42,243.61,Proactive asymmetric definition,New Johnberg,0,Pitcairn Islands,3/25/2016 8:40,0
AB1588,84.33,41,54989.93,240.95,Pre-emptive zero tolerance Local Area Network,Shawstad,0,Belize,3/16/2016 0:28,0
AB1589,36.87,36,29398.61,195.91,Self-enabling incremental collaboration,New Rebecca,0,Anguilla,1/28/2016 11:50,1
AB1590,34.78,48,42861.42,208.21,Exclusive even-keeled moratorium,Jeffreyburgh,1,South Africa,3/24/2016 2:01,1
AB1591,76.84,32,65883.39,231.59,Reduced incremental productivity,Faithview,0,Singapore,3/3/2016 22:31,0
AB1592,67.05,25,65421.39,220.92,Realigned scalable standardization,Richardsontown,0,Finland,2/26/2016 9:54,0
AB1593,41.47,31,60953.93,219.79,Secured scalable Graphical User Interface,Port Brookeland,0,Martinique,7/6/2016 15:56,1
AB1594,80.71,26,58476.57,200.58,Team-oriented context-sensitive installation,East Christopherbury,0,Cameroon,6/24/2016 5:50,0
AB1595,80.09,31,66636.84,214.08,Pre-emptive systematic budgetary management,Port Christinemouth,0,Sweden,5/23/2016 21:00,0
AB1596,56.3,49,67430.96,135.24,Fully-configurable high-level implementation,South Meghan,1,New Caledonia,2/3/2016 19:12,1
AB1597,79.36,34,57260.41,245.78,Profound maximized workforce,Hessstad,1,Bosnia and Herzegovina,4/28/2016 22:54,0
AB1598,86.38,40,66359.32,188.27,Cross-platform 4thgeneration focus group,Rhondaborough,1,Singapore,3/19/2016 14:57,0
AB1599,38.94,41,57587,142.67,Optional mission-critical functionalities,Lewismouth,1,Falkland Islands (Malvinas),7/15/2016 9:08,1
AB1600,87.26,35,63060.55,184.03,Multi-layered tangible portal,New Paul,0,Bosnia and Herzegovina,5/12/2016 4:35,0
AB1601,75.32,28,59998.5,233.6,Reduced mobile structure,Lake Angela,1,Mauritius,1/1/2016 21:58,0
AB1602,74.38,40,74024.61,220.05,Enhanced zero tolerance Graphic Interface,East Graceland,1,Indonesia,3/13/2016 13:50,0
AB1603,65.9,22,60550.66,211.39,De-engineered tertiary secured line,Hartport,0,Czech Republic,7/16/2016 14:13,0
AB1604,36.31,47,57983.3,168.92,Reverse-engineered well-modulated capability,East Yvonnechester,0,Eritrea,4/18/2016 0:49,1
AB1605,72.23,48,52736.33,115.35,Integrated coherent pricing structure,Burgessside,0,Mexico,7/17/2016 1:13,1
AB1606,88.12,38,46653.75,230.91,Realigned next generation projection,Hurleyborough,0,Gibraltar,2/17/2016 7:05,0
AB1607,83.97,28,56986.73,205.5,Reactive needs-based instruction set,Garychester,1,Haiti,6/16/2016 2:33,0
AB1608,61.09,26,55336.18,131.68,User-friendly well-modulated leverage,East Kevinbury,1,Falkland Islands (Malvinas),4/9/2016 16:31,1
AB1609,65.77,21,42162.9,218.61,Function-based fault-tolerant model,Contrerasshire,1,Eritrea,3/18/2016 17:35,0
AB1610,81.58,25,39699.13,199.39,Decentralized needs-based analyzer,Erikville,0,Hong Kong,5/11/2016 22:02,0
AB1611,37.87,52,56394.82,188.56,Phased analyzing emulation,Robertsonburgh,1,Gambia,5/25/2016 20:10,1
AB1612,76.2,37,75044.35,178.51,Multi-layered fresh-thinking process improvement,Karenton,0,Barbados,2/29/2016 19:26,0
AB1613,60.91,19,53309.61,184.94,Upgradable directional system engine,Port Kathleenfort,0,Nauru,6/9/2016 14:24,1
AB1614,74.49,28,58996.12,237.34,Persevering eco-centric flexibility,Lake Adrian,0,Peru,1/30/2016 16:15,0
AB1615,73.71,23,56605.12,211.38,Inverse local hub,New Sheila,1,El Salvador,2/15/2016 5:35,0
AB1616,78.19,30,62475.99,228.81,Triple-buffered needs-based Local Area Network,Mollyport,0,Libyan Arab Jamahiriya,1/31/2016 6:14,0
AB1617,79.54,44,70492.6,217.68,Centralized multi-state hierarchy,Sandraland,1,Cambodia,1/5/2016 16:34,0
AB1618,74.87,52,43698.53,126.97,Public-key non-volatile implementation,Charlenetown,0,Saint Barthelemy,5/31/2016 2:17,1
AB1619,87.09,36,57737.51,221.98,Synergized coherent interface,Luischester,1,Reunion,4/21/2016 16:10,0
AB1620,37.45,47,31281.01,167.86,Horizontal high-level concept,South Johnnymouth,0,Antigua and Barbuda,4/10/2016 3:30,1
AB1621,49.84,39,45800.48,111.59,Reduced multimedia project,Hannaport,0,Samoa,2/9/2016 7:21,1
AB1622,51.38,59,42362.49,158.56,Object-based modular functionalities,East Anthony,0,Afghanistan,6/17/2016 17:11,1
AB1623,83.4,34,66691.23,207.87,Polarized multimedia system engine,West Daleborough,0,Azerbaijan,5/22/2016 21:54,0
AB1624,38.91,33,56369.74,150.8,Versatile reciprocal structure,Morrismouth,1,Philippines,7/13/2016 7:41,1
AB1625,62.14,41,59397.89,110.93,Upgradable multi-tasking initiative,North Andrewstad,1,Angola,1/23/2016 18:59,1
AB1626,79.72,28,66025.11,193.8,Configurable tertiary budgetary management,Wrightburgh,1,Albania,5/20/2016 12:17,0
AB1627,73.3,36,68211.35,135.72,Adaptive asynchronous attitude,West Tanya,1,Hungary,1/30/2016 4:38,1
AB1628,69.11,42,73608.99,231.48,Face-to-face mission-critical definition,Novaktown,1,Faroe Islands,4/21/2016 12:34,0
AB1629,71.9,54,61228.96,140.15,Inverse zero tolerance customer loyalty,Timothymouth,1,Czech Republic,4/22/2016 20:32,1
AB1630,72.45,29,72325.91,195.36,Centralized 24hour synergy,Robertmouth,1,Svalbard & Jan Mayen Islands,1/11/2016 6:02,0
AB1631,77.07,40,44559.43,261.02,Face-to-face analyzing encryption,Stephenborough,0,Afghanistan,3/1/2016 10:01,0
AB1632,74.62,36,73207.15,217.79,Self-enabling even-keeled methodology,Lake Kurtmouth,0,Rwanda,4/4/2016 8:19,0
AB1633,82.07,25,46722.07,205.38,Function-based optimizing extranet,Lauraburgh,1,Panama,6/20/2016 6:30,0
AB1634,58.6,50,45400.5,113.7,Organic asynchronous hierarchy,Rogerburgh,0,Samoa,1/28/2016 7:10,1
AB1635,36.08,45,41417.27,151.47,Automated client-driven orchestration,Davidside,1,United States Minor Outlying Islands,7/3/2016 4:11,1
AB1636,79.44,26,60845.55,206.79,Public-key zero-defect analyzer,West Thomas,0,Greece,5/15/2016 13:18,0
AB1637,41.73,47,60812.77,144.71,Proactive client-server productivity,Andersonchester,0,Cote d'Ivoire,4/8/2016 22:48,1
AB1638,73.19,25,64267.88,203.74,Cloned incremental matrices,North Ronaldshire,1,Pakistan,1/19/2016 12:18,0
AB1639,77.6,24,58151.87,197.33,Open-architected system-worthy task-force,Greghaven,1,Anguilla,5/26/2016 15:40,0
AB1640,89,37,52079.18,222.26,Devolved regional moderator,Jordanmouth,1,Cyprus,1/26/2016 15:56,0
AB1641,69.2,42,26023.99,123.8,Balanced value-added database,Meyersstad,0,Peru,6/17/2016 9:58,1
AB1642,67.56,31,62318.38,125.45,Seamless composite budgetary management,Michelleside,0,Kenya,4/25/2016 21:15,1
AB1643,81.11,39,56216.57,248.19,Total cohesive moratorium,South Robert,1,Chad,7/13/2016 11:41,0
AB1644,80.22,30,61806.31,224.58,Integrated motivating neural-net,New Tyler,0,Kyrgyz Republic,7/5/2016 15:14,0
AB1645,43.63,41,51662.24,123.25,Exclusive zero tolerance frame,Jordanshire,1,Albania,3/15/2016 14:06,1
AB1646,77.66,29,67080.94,168.15,Operative scalable emulation,Reyesland,0,Gabon,6/19/2016 22:08,0
AB1647,74.63,26,51975.41,235.99,Enhanced asymmetric installation,New Traceystad,1,Dominican Republic,7/5/2016 20:16,0
AB1648,49.67,27,28019.09,153.69,Face-to-face reciprocal methodology,Port Brian,0,Zimbabwe,5/9/2016 8:44,1
AB1649,80.59,37,67744.56,224.23,Robust responsive collaboration,Lake Courtney,0,Croatia,7/21/2016 23:14,0
AB1650,83.49,33,66574,190.75,Polarized logistical hub,Samuelborough,1,Cambodia,6/3/2016 17:32,0
AB1651,44.46,42,30487.48,132.66,Intuitive zero-defect framework,Christinehaven,1,Mongolia,1/15/2016 19:40,1
AB1652,68.1,40,74903.41,227.73,Reactive composite project,Thomasstad,1,Honduras,2/5/2016 16:50,0
AB1653,63.88,38,19991.72,136.85,Upgradable even-keeled hardware,Kristintown,0,Madagascar,2/29/2016 23:56,1
AB1654,78.83,36,66050.63,234.64,Future-proofed responsive matrix,New Wanda,1,Qatar,5/8/2016 12:08,0
AB1655,79.97,44,70449.04,216,Programmable empowering middleware,Mariebury,0,China,7/13/2016 1:48,0
AB1656,80.51,28,64008.55,200.28,Robust dedicated system engine,Christopherville,1,Bangladesh,1/8/2016 2:34,0
AB1657,62.26,26,70203.74,202.77,Public-key mission-critical core,New Jasmine,0,Swaziland,6/8/2016 12:25,0
AB1658,66.99,47,27262.51,124.44,Operative actuating installation,Lopezberg,1,Tanzania,6/15/2016 11:56,1
AB1659,71.05,20,49544.41,204.22,Self-enabling asynchronous knowledge user,Jenniferstad,1,Eritrea,6/13/2016 22:41,0
AB1660,42.05,51,28357.27,174.55,Configurable 24/7 hub,West Eduardotown,1,Canada,6/20/2016 14:20,1
AB1661,50.52,28,66929.03,219.69,Versatile responsive knowledge user,Davisfurt,0,Saint Kitts and Nevis,4/3/2016 6:17,1
AB1662,76.24,40,75524.78,198.32,Managed impactful definition,Bakerhaven,1,Burkina Faso,5/31/2016 23:42,0
AB1663,77.29,27,66265.34,201.24,Grass-roots 4thgeneration forecast,Paulshire,1,Tuvalu,2/15/2016 3:43,0
AB1664,35.98,47,55993.68,165.52,Focused 3rdgeneration pricing structure,West Jane,1,El Salvador,3/10/2016 23:26,1
AB1665,84.95,34,56379.3,230.36,Mandatory dedicated data-warehouse,Lake Brian,0,Madagascar,2/26/2016 17:01,0
AB1666,39.34,43,31215.88,148.93,Proactive radical support,Alvaradoport,0,Bangladesh,4/17/2016 21:39,1
AB1667,87.23,29,51015.11,202.12,Re-engineered responsive definition,Lake Kevin,0,American Samoa,3/26/2016 19:54,0
AB1668,57.24,52,46473.14,117.35,Profound optimizing utilization,Richardsonland,1,Latvia,6/29/2016 21:39,1
AB1669,81.58,41,55479.62,248.16,Cloned explicit middleware,East Sheriville,0,Moldova,1/27/2016 17:55,0
AB1670,56.34,50,68713.7,139.02,Multi-channeled mission-critical success,Port Michealburgh,1,Anguilla,3/17/2016 23:39,1
AB1671,48.73,27,34191.23,142.04,Versatile content-based protocol,Monicaview,0,Bangladesh,7/9/2016 16:23,1
AB1672,51.68,49,51067.54,258.62,Seamless cohesive conglomeration,Katieport,0,Faroe Islands,6/28/2016 12:51,1
AB1673,35.34,45,46693.76,152.86,De-engineered actuating hierarchy,East Brittanyville,0,Taiwan,6/18/2016 16:32,1
AB1674,48.09,33,19345.36,180.42,Balanced motivating help-desk,West Travismouth,0,Heard Island and McDonald Islands,5/28/2016 12:38,1
AB1675,78.68,29,66225.72,208.05,Inverse high-level capability,Leonchester,0,Israel,1/16/2016 16:40,0
AB1676,68.82,20,38609.2,205.64,Cross-platform client-server hierarchy,Ramirezland,1,Bolivia,7/11/2016 15:45,0
AB1677,56.99,40,37713.23,108.15,Sharable optimal capacity,Brownton,0,Bahamas,7/16/2016 23:08,1
AB1678,86.63,39,63764.28,209.64,Face-to-face multimedia success,New Jessicaport,1,Costa Rica,4/6/2016 21:20,0
AB1679,41.18,43,41866.55,129.25,Enterprise-wide incremental Internet solution,New Denisebury,1,Myanmar,7/5/2016 0:54,1
AB1680,71.03,32,57846.68,120.85,Advanced systemic productivity,Keithtown,0,Netherlands Antilles,2/17/2016 23:47,1
AB1681,72.92,29,69428.73,217.1,Customizable mission-critical adapter,Port Melissastad,1,Czech Republic,3/15/2016 17:33,0
AB1682,77.14,24,60283.98,184.88,Horizontal heuristic synergy,Janiceview,1,Iceland,1/21/2016 18:51,0
AB1683,60.7,43,79332.33,192.6,Multi-tiered multi-state moderator,Mataberg,1,Palau,6/6/2016 22:41,0
AB1684,34.3,41,53167.68,160.74,Re-contextualized reciprocal interface,West Melaniefurt,1,Libyan Arab Jamahiriya,5/16/2016 14:50,1
AB1685,83.71,45,64564.07,220.48,Organized demand-driven knowledgebase,Millerfort,1,Kazakhstan,4/17/2016 19:10,0
AB1686,53.38,35,60803.37,120.06,Total local synergy,Alexanderview,1,French Guiana,3/30/2016 1:05,1
AB1687,58.03,31,28387.42,129.33,User-friendly bandwidth-monitored attitude,South Jade,0,Tuvalu,6/29/2016 9:04,1
AB1688,43.59,36,58849.77,132.31,Re-engineered context-sensitive knowledge user,Lake Susan,1,Congo,5/26/2016 13:43,1
AB1689,60.07,42,65963.37,120.75,Total user-facing hierarchy,South Vincentchester,1,United Kingdom,4/15/2016 10:16,1
AB1690,54.43,37,75180.2,154.74,Balanced contextually-based pricing structure,Williamsmouth,1,Luxembourg,5/31/2016 9:06,1
AB1691,81.99,33,61270.14,230.9,Inverse bi-directional knowledge user,Taylorport,0,French Polynesia,2/15/2016 14:13,0
AB1692,60.53,29,56759.48,123.28,Networked even-keeled workforce,Williamsport,0,Papua New Guinea,5/9/2016 10:21,1
AB1693,84.69,31,46160.63,231.85,Right-sized transitional parallelism,Emilyfurt,1,Maldives,7/7/2016 23:32,0
AB1694,88.72,32,43870.51,211.87,Customer-focused system-worthy superstructure,East John,1,Zambia,1/3/2016 17:10,0
AB1695,88.89,35,50439.49,218.8,Balanced 4thgeneration success,East Deborahhaven,1,Cook Islands,7/17/2016 18:55,0
AB1696,69.58,43,28028.74,255.07,Cross-group value-added success,Port Katelynview,0,Congo,4/4/2016 18:36,1
AB1697,85.23,36,64238.71,212.92,Visionary client-driven installation,Paulhaven,1,Senegal,2/27/2016 12:34,0
AB1698,83.55,39,65816.38,221.18,Switchable well-modulated infrastructure,Elizabethmouth,1,Myanmar,6/8/2016 20:13,0
AB1699,56.66,42,72684.44,139.42,Upgradable asymmetric emulation,Lake Jesus,0,Dominican Republic,2/20/2016 10:52,1
AB1700,56.39,27,38817.4,248.12,Configurable tertiary capability,North Tylerland,1,Bahrain,3/23/2016 21:06,0
AB1701,76.24,27,63976.44,214.42,Monitored dynamic instruction set,Munozberg,0,Puerto Rico,6/7/2016 1:29,0
AB1702,57.64,36,37212.54,110.25,Robust web-enabled attitude,North Maryland,1,Chile,1/18/2016 15:18,1
AB1703,78.18,23,52691.79,167.67,Customer-focused full-range neural-net,West Barbara,0,Bolivia,6/9/2016 19:32,0
AB1704,46.04,32,65499.93,147.92,Universal transitional Graphical User Interface,Andrewborough,0,Serbia,5/30/2016 20:07,1
AB1705,79.4,35,63966.72,236.87,User-centric intangible contingency,New Gabriel,0,Malaysia,4/1/2016 9:21,0
AB1706,36.44,39,52400.88,147.64,Configurable disintermediate throughput,Port Patrickton,1,Estonia,5/31/2016 6:21,1
AB1707,53.14,38,49111.47,109,Automated web-enabled migration,West Julia,1,Greenland,7/3/2016 22:13,1
AB1708,32.84,40,41232.89,171.72,Triple-buffered 3rdgeneration migration,New Keithburgh,0,Trinidad and Tobago,3/10/2016 1:36,1
AB1709,73.72,32,52140.04,256.4,Universal contextually-based system engine,Richardsland,1,Thailand,3/18/2016 2:39,0
AB1710,38.1,34,60641.09,214.38,Optional secondary access,North Aaronchester,1,Philippines,5/30/2016 18:08,1
AB1711,73.93,44,74180.05,218.22,Quality-focused scalable utilization,Lake Matthewland,0,Niue,2/20/2016 0:06,0
AB1712,51.87,50,51869.87,119.65,Team-oriented dynamic forecast,Kevinberg,0,Afghanistan,3/10/2016 22:28,1
AB1713,77.69,22,48852.58,169.88,Horizontal heuristic support,Morganfort,1,Angola,6/21/2016 14:32,0
AB1714,43.41,28,59144.02,160.73,Customer-focused zero-defect process improvement,Lovemouth,0,Egypt,2/5/2016 15:26,1
AB1715,55.92,24,33951.63,145.08,Focused systemic benchmark,Taylorhaven,0,Fiji,5/31/2016 21:41,1
AB1716,80.67,34,58909.36,239.76,Seamless impactful info-mediaries,Jamesville,0,Portugal,1/1/2016 2:52,0
AB1717,83.42,25,49850.52,183.42,Advanced heuristic firmware,East Toddfort,1,Austria,3/4/2016 14:10,0
AB1718,82.12,52,28679.93,201.15,Fully-configurable client-driven customer loyalty,East Dana,1,Germany,2/3/2016 10:40,1
AB1719,66.17,33,69869.66,238.45,Cross-group neutral synergy,West Lucas,0,Panama,1/20/2016 0:26,0
AB1720,43.01,35,48347.64,127.37,Organized 24/7 middleware,Butlerfort,0,United States of America,6/11/2016 9:37,1
AB1721,80.05,25,45959.86,219.94,Networked stable open architecture,Lindaside,1,Christmas Island,3/8/2016 5:48,0
AB1722,64.88,42,70005.51,129.8,Customizable systematic service-desk,West Chloeborough,1,Equatorial Guinea,2/14/2016 22:23,1
AB1723,79.82,26,51512.66,223.28,Function-based directional productivity,Jayville,1,Micronesia,7/17/2016 22:04,0
AB1724,48.03,40,25598.75,134.6,Networked stable array,East Lindsey,1,Malta,6/2/2016 22:16,1
AB1725,32.99,45,49282.87,177.46,Phased full-range hardware,Masseyshire,0,Ecuador,4/30/2016 19:42,1
AB1726,74.88,27,67240.25,175.17,Organized empowering policy,Sarahton,1,Sudan,4/17/2016 6:58,0
AB1727,36.49,52,42136.33,196.61,Object-based system-worthy superstructure,Ryanhaven,1,Lao People's Democratic Republic,3/9/2016 0:41,1
AB1728,88.04,45,62589.84,191.17,Profound explicit hardware,Lake Deborahburgh,1,Saint Vincent and the Grenadines,3/7/2016 20:02,0
AB1729,45.7,33,67384.31,151.12,Self-enabling multimedia system engine,New Williammouth,1,Switzerland,5/26/2016 10:33,1
AB1730,82.38,35,25603.93,159.6,Polarized analyzing intranet,Port Blake,0,Spain,7/18/2016 1:36,1
AB1731,52.68,23,39616,149.2,Vision-oriented attitude-oriented Internet solution,West Richard,1,Turks and Caicos Islands,7/16/2016 5:56,1
AB1732,65.59,47,28265.81,121.81,Digitized disintermediate ability,Brandymouth,0,Indonesia,3/22/2016 6:41,1
AB1733,65.65,25,63879.72,224.92,Intuitive explicit firmware,Sandraville,1,Cook Islands,6/3/2016 6:34,0
AB1734,43.84,36,70592.81,167.42,Public-key real-time definition,Port Jessica,0,Australia,6/28/2016 9:19,1
AB1735,67.69,37,76408.19,216.57,Monitored content-based implementation,Lake Jasonchester,0,Finland,7/18/2016 18:33,0
AB1736,78.37,24,55015.08,207.27,Quality-focused zero-defect budgetary management,Pearsonfort,0,Pakistan,1/23/2016 4:47,0
AB1737,81.46,29,51636.12,231.54,Intuitive fresh-thinking moderator,Sellerstown,0,Ireland,2/29/2016 11:00,0
AB1738,47.48,31,29359.2,141.34,Reverse-engineered 24hour hardware,Yuton,0,Eritrea,6/30/2016 0:19,1
AB1739,75.15,33,71296.67,219.49,Synchronized zero tolerance product,Smithtown,1,France,6/19/2016 18:19,0
AB1740,78.76,24,46422.76,219.98,Reactive interactive protocol,Joanntown,1,Austria,1/8/2016 8:08,0
AB1741,44.96,50,52802,132.71,Focused fresh-thinking Graphic Interface,South Peter,1,Heard Island and McDonald Islands,1/2/2016 12:25,1
AB1742,39.56,41,59243.46,143.13,Ameliorated exuding solution,Port Mitchell,1,Western Sahara,5/13/2016 11:57,1
AB1743,39.76,28,35350.55,196.83,Integrated maximized service-desk,Pottermouth,1,Liberia,2/8/2016 14:02,1
AB1744,57.11,22,59677.64,207.17,Self-enabling tertiary challenge,Lake Jonathanview,1,Dominican Republic,6/7/2016 23:46,0
AB1745,83.26,40,70225.6,187.76,Decentralized foreground infrastructure,Alanview,1,Tonga,1/2/2016 14:36,0
AB1746,69.42,25,65791.17,213.38,Quality-focused hybrid frame,Carterport,0,Lao People's Democratic Republic,2/13/2016 4:16,0
AB1747,50.6,30,34191.13,129.88,Realigned reciprocal framework,New Daniellefort,1,United States of America,5/3/2016 12:57,1
AB1748,46.2,37,51315.38,119.3,Distributed maximized ability,Welchshire,0,Belgium,4/3/2016 11:38,1
AB1749,66.88,35,62790.96,119.47,Polarized bifurcated array,Russellville,1,Indonesia,3/23/2016 19:58,1
AB1750,83.97,40,66291.67,158.42,Progressive asynchronous adapter,West Lisa,1,Croatia,2/2/2016 11:49,0
AB1751,76.56,30,68030.18,213.75,Business-focused high-level hardware,Greentown,0,Brunei Darussalam,3/8/2016 10:39,0
AB1752,35.49,48,43974.49,159.77,Fully-configurable holistic throughput,Timothyport,0,American Samoa,4/8/2016 14:35,1
AB1753,80.29,31,49457.48,244.87,Ameliorated contextually-based collaboration,Teresahaven,1,Netherlands Antilles,6/30/2016 0:40,0
AB1754,50.19,40,33987.27,117.3,Progressive uniform budgetary management,Lake Stephenborough,0,Thailand,3/25/2016 19:02,1
AB1755,59.12,33,28210.03,124.54,Synergistic stable infrastructure,Silvaton,0,Greece,5/12/2016 21:32,1
AB1756,59.88,30,75535.14,193.63,Reverse-engineered content-based intranet,West Michaelstad,1,French Polynesia,3/2/2016 5:11,0
AB1757,59.7,28,49158.5,120.25,Expanded zero administration attitude,Florestown,0,Guernsey,5/10/2016 14:12,1
AB1758,67.8,30,39809.69,117.75,Team-oriented 6thgeneration extranet,New Jay,1,Isle of Man,3/3/2016 2:59,1
AB1759,81.59,35,65826.53,223.16,Managed disintermediate capability,North Lisachester,0,Holy See (Vatican City State),7/4/2016 11:03,0
AB1760,81.1,29,61172.07,216.49,Front-line dynamic model,Port Stacy,1,El Salvador,7/8/2016 3:47,0
AB1761,41.7,39,42898.21,126.95,Innovative regional structure,Jensenton,0,China,5/27/2016 5:35,1
AB1762,73.94,27,68333.01,173.49,Function-based incremental standardization,North Alexandra,0,Myanmar,2/10/2016 13:46,0
AB1763,58.35,37,70232.95,132.63,Universal asymmetric workforce,Rivasland,0,Macao,6/12/2016 21:21,1
